county,year,binary_congress,journos,stories,binary_2014,pop,perc_aian,perc_asian,perc_black,perc_other,perc_white,#_hispanic,median_age,perc_hispanic,perc_hs,perc_bach,per_cap_income,binary_treated,binary_post_treat,voter_part,comments,don_number,don_sum,don_uni,notes
Burke,2011,0,790,306,0,90203,0.819263217,4.300300433,6.699333725,1.546511757,86.63459087,4898,41.72261346,5.429974613,77.52,17.39,27783,1,0,10.47590594,4,270,32786.84,148,
Burke,2012,1,790,348,0,89619,0.867003649,4.326091565,6.686082192,1.621307982,86.49951461,5007,42.09976341,5.586984903,77.52,17.39,28940,1,0,63.11054422,4,679,81022.99,359,
Burke,2013,0,930,327,0,89151,0.914179314,4.351044856,6.674069837,1.698242308,86.36246369,5121,42.39382403,5.744186829,77.52,17.39,28927,1,0,7.581895649,4,621,35074.83,172,
Burke,2014,1,1100,403,0,89151,0.960168703,4.376843782,6.662852912,1.773395699,86.2267389,5260,42.64673452,5.900102074,77.52,17.39,30227,1,0,43.23023936,0,708,68007.7,277,
Burke,2015,0,1120,215,1,89321,1.007601796,4.403219848,6.650171852,1.849509074,86.08949743,5408,42.86747529,6.054567235,81.63,16.44,31665,1,0,10.81659973,8,763,91828.9,307,
Burke,2016,1,1090,157,1,90123,1.054114932,4.429501903,6.639814476,1.924037149,85.95253154,5596,43.07257346,6.209291746,81.63,16.44,32394,1,0,66.91028312,0,984,103314.74,434,
Burke,2017,0,1070,104,1,91077,1.10016799,4.455570561,6.628457239,1.999407095,85.81639711,5795,43.2182266,6.362748004,81.63,16.44,33844,1,1,10.62850769,2,1008,86124.1,351,
Burke,2018,1,920,161,1,91402,1.146583226,4.481302379,6.618017111,2.074352859,85.67974443,5951,43.37033493,6.510798451,81.63,16.44,34919,1,1,48.63878275,0,1748,204532.54,707,
McDowell,2011,0,790,306,0,45139,0.717782849,0.923813111,3.958882563,1.151997164,93.24752431,2587,41.99486804,5.731185892,81.25,13.91,27007,1,0,2.715827338,0,80,5089.21,45,
McDowell,2012,1,790,348,0,45267,0.759935494,0.91899176,3.941060817,1.197340226,93.1826717,2696,42.3556701,5.955773522,81.25,13.91,27697,1,0,63.20284944,0,200,21242.59,90,
McDowell,2013,0,930,327,0,45284,0.801607632,0.912021906,3.926331596,1.243264729,93.11677414,2797,42.67131783,6.176574508,81.25,13.91,27945,1,0,2.340071512,3,223,3855.5,48,
McDowell,2014,1,1100,403,0,45329,0.844933707,0.906704317,3.913609389,1.290564539,93.04418805,2897,42.96191248,6.391052086,81.25,13.91,29357,1,0,39.33549205,0,259,14066.23,107,
McDowell,2015,0,1120,215,1,45447,0.888947565,0.902149757,3.899047242,1.337822078,92.97203336,3002,43.23381877,6.605496512,83.9,17.44,30900,1,1,1.595069784,5,161,9413.74,96,
McDowell,2016,1,1090,157,1,45531,0.931233665,0.896092772,3.88746129,1.381476357,92.90373592,3103,43.49676898,6.81513694,83.9,17.44,31499,1,1,67.78740024,NA,268,21136.59,124,
McDowell,2017,0,1070,104,1,46099,0.973990759,0.893728714,3.874270592,1.429532094,92.82847784,3238,43.79632588,7.024013536,83.9,17.44,33163,1,1,2.439362439,0,324,11321.61,139,
McDowell,2018,1,920,161,1,46373,1.015677226,0.888448019,3.862161171,1.474996226,92.75871736,3352,44.14183835,7.22834408,83.9,17.44,34107,1,1,49.95954693,2,444,41921.29,155,
Jackson,2011,0,790,306,0,40383,9.771438477,0.99546839,1.859693435,1.921600674,85.45179902,2187,36.4141791,5.415645197,86.4,29.32,26226,1,0,1.200902589,2,476,30953.5,175,
Jackson,2012,1,790,348,0,40706,9.743035425,1.029332285,1.832653663,1.9751388,85.41983983,2309,36.33242507,5.67238245,86.4,29.32,26913,1,0,59.74725429,1,511,53096.9,267,
Jackson,2013,0,930,327,0,40826,9.711948268,1.058149219,1.807671582,2.028119336,85.3941116,2414,36.43734644,5.912898643,86.4,29.32,26792,1,0,1.307862427,5,252,15183.06,79,
Jackson,2014,1,1100,403,0,41131,9.683693564,1.086771535,1.782110817,2.078724077,85.36870001,2531,36.5630531,6.153509518,86.4,29.32,28754,1,0,41.19583926,1,333,32086.04,167,
Jackson,2015,0,1120,215,1,41590,9.658571772,1.115652801,1.757634047,2.127915364,85.34022602,2656,36.69909502,6.386150517,89.36,30.37,30208,1,1,1.30295701,3,661,35748.54,195,
Jackson,2016,1,1090,157,1,43003,9.631886147,1.144106225,1.732437272,2.176592331,85.31497802,2842,36.71252796,6.608841244,89.36,30.37,30903,1,1,64.8789879,1,1066,64123.22,254,
Jackson,2017,0,1070,104,1,43544,9.606375161,1.171229102,1.710913099,2.223038765,85.28844387,2972,36.799591,6.825280176,89.36,30.37,32151,1,1,1.257929642,2,672,39809.67,281,
Jackson,2018,1,920,161,1,43819,9.582601155,1.198110409,1.688765148,2.268422374,85.26210092,3082,37.02959184,7.033478628,89.36,30.37,33325,1,1,52.23733088,0,1222,113771.24,417,
Cherokee,2011,0,790,306,0,27468,1.383427989,0.575214795,1.361584389,2.573904179,94.10586865,725,48.51820728,2.639434979,82.37,18.38,26446,1,0,0,3,105,4637.17,39,
Cherokee,2012,1,790,348,0,27414,1.38615306,0.60188225,1.356970891,2.717589553,93.93740425,754,48.72916667,2.750419494,82.37,18.38,27839,1,0,58.87158655,0,139,32595.82,99,
Cherokee,2013,0,930,327,0,27443,1.381044346,0.630397551,1.351893015,2.856830521,93.77983457,785,48.97696477,2.860474438,82.37,18.38,27765,1,0,2.851399991,3,53,5593.9,47,
Cherokee,2014,1,1100,403,0,27517,1.384598612,0.654141076,1.348257441,2.994512483,93.61849039,815,49.34097035,2.961805429,82.37,18.38,28775,1,1,44.36941048,1,42,6027.5,34,
Cherokee,2015,0,1120,215,1,27729,1.381225432,0.681596884,1.345162105,3.133903134,93.45811245,850,49.73505435,3.065382812,87.2,19.03,30111,1,1,0,0,108,11326,86,
Cherokee,2016,1,1090,157,1,28544,1.380325112,0.707679372,1.338284753,3.272141256,93.30156951,902,50.16445623,3.160033632,87.2,19.03,29960,1,1,59.81472943,0,141,12216.37,90,
Cherokee,2017,0,1070,104,1,28879,1.378164064,0.734097441,1.333148655,3.407320198,93.14726964,943,50.5,3.265348523,87.2,19.03,30963,1,1,3.065571611,1,81,5182.68,60,
Cherokee,2018,1,920,161,1,29275,1.376601196,0.758326217,1.328778822,3.545687447,92.99060632,984,50.90198864,3.361229718,87.2,19.03,32005,1,1,47.19192091,1,114,19187.74,81,
Haywood,2011,0,790,306,0,59165,0.56959351,0.436068622,1.090171554,1.0394659,96.86470041,2162,46.08761161,3.654187442,86.51,23.77,32362,1,0,5.647284039,9,648,21844.08,208,
Haywood,2012,1,790,348,0,59150,0.574809806,0.453085376,1.080304311,1.076923077,96.81487743,2268,46.36454432,3.834319527,86.51,23.77,33807,1,0,65.58265583,5,1475,90375.41,458,
Haywood,2013,0,930,327,0,59545,0.581073138,0.471911999,1.071458561,1.113443614,96.76211269,2389,46.64962121,4.012091695,86.51,23.77,33248,1,0,2.283955037,1,1139,60274.35,274,
Haywood,2014,1,1100,403,0,59810,0.586858385,0.488212673,1.06336733,1.151981274,96.70958034,2502,46.89322917,4.183246949,86.51,23.77,34962,1,0,45.09248773,NA,1212,79164.66,404,
Haywood,2015,0,1120,215,1,60451,0.59056095,0.5061951,1.055400242,1.186084597,96.66175911,2635,47.09423077,4.358902251,88,25.99,36520,1,1,6.501944304,NA,980,107445.7,431,
Haywood,2016,1,1090,157,1,61534,0.598043358,0.523287938,1.046575877,1.222088601,96.61000423,2784,47.3275649,4.524328014,88,25.99,37792,1,1,69.81864116,0,1619,180095.1,626,
Haywood,2017,0,1070,104,1,62488,0.601715529,0.539303546,1.036999104,1.257841506,96.56414031,2932,47.56553398,4.692100883,88,25.99,38957,1,1,1.384608308,0,1023,68797.3,505,
Haywood,2018,1,920,161,1,62839,0.607902736,0.555387578,1.031206735,1.292191155,96.5133118,3050,47.78894174,4.853673674,88,25.99,40188,1,1,56.37045087,1,1505,296605.13,638,
Rutherford,2011,0,790,306,0,67928,0.291485102,0.510835002,9.998822282,1.747438464,87.45141915,2558,42.72678186,3.765751973,81.42,16.43,26944,1,0,5.627139597,5,271,14239.25,86,
Rutherford,2012,1,790,348,0,67920,0.300353357,0.522673734,9.886631331,1.83745583,87.45288575,2667,42.94261424,3.926678445,81.42,16.43,28089,1,0,66.27570657,4,587,40433.49,196,
Rutherford,2013,0,930,327,0,67705,0.307215124,0.534672476,9.776235138,1.924525515,87.45735175,2766,43.12459893,4.085370357,81.42,16.43,28061,1,0,3.481217617,5,819,47727.87,216,
Rutherford,2014,1,1100,403,0,67545,0.313864831,0.546302465,9.667628988,2.011992005,87.46021171,2866,43.28914989,4.243097194,81.42,16.43,29348,1,0,45.12089416,7,1034,77395.08,201,
Rutherford,2015,0,1120,215,1,67627,0.320877756,0.55599095,9.561269907,2.095316959,87.46654443,2975,43.48954704,4.399130525,83.84,17.83,30129,1,1,4.662995748,1,550,22688.22,176,
Rutherford,2016,1,1090,157,1,67679,0.328019031,0.56738427,9.454926934,2.177928161,87.4717416,3080,43.63731527,4.550894665,83.84,17.83,30698,1,1,67.62447857,0,855,52101.93,252,
Rutherford,2017,0,1070,104,1,68279,0.335388626,0.578508766,9.351337893,2.261310213,87.4734545,3212,43.62625628,4.70422824,83.84,17.83,31555,1,1,3.945933667,5,778,38912.52,259,
Rutherford,2018,1,920,161,1,68423,0.341990266,0.588983237,9.248352162,2.342779475,87.47789486,3325,43.7850062,4.859477076,83.84,17.83,32634,1,1,51.08460826,1,1250,136016.36,382,
Macon,2011,0,790,306,0,33969,0.66236863,0.71241426,1.466042568,0.983249433,96.17592511,2448,48.10159817,7.206570697,85.66,22.39,31290,1,0,1.48619081,0,351,24517,86,
Macon,2012,1,790,348,0,34050,0.693098385,0.740088106,1.488986784,1.027900147,96.04992658,2594,48.30382775,7.618208517,85.66,22.39,32575,1,0,67.68882894,1,505,360571.06,274,
Macon,2013,0,930,327,0,34184,0.728410952,0.76644044,1.512403464,1.067750995,95.92499415,2742,48.48498845,8.021296513,85.66,22.39,32962,1,0,4.560299988,6,254,14805.01,86,
Macon,2014,1,1100,403,0,34529,0.761678589,0.790639752,1.534941643,1.112108662,95.80063135,2901,48.68048128,8.40163341,85.66,22.39,34749,1,0,47.60366826,0,503,97185.79,190,
Macon,2015,0,1120,215,1,34803,0.793035083,0.818894923,1.560210327,1.155072839,95.67278683,3050,48.75407609,8.763612332,89.25,23.81,36412,1,1,2.156546215,9,340,14999.56,136,
Macon,2016,1,1090,157,1,35117,0.825810861,0.845744226,1.58043113,1.196001936,95.55201185,3202,48.81515957,9.118090953,89.25,23.81,37396,1,1,69.43387435,0,680,276959.94,301,
Macon,2017,0,1070,104,1,35614,0.859212669,0.873252092,1.606109957,1.235469198,95.42595608,3365,48.78571429,9.448531476,89.25,23.81,39039,1,1,1.685838953,4,261,17199.65,160,
Macon,2018,1,920,161,1,36101,0.894712058,0.897482064,1.628763746,1.279742943,95.29929919,3529,48.91829268,9.775352483,89.25,23.81,39583,1,1,58.8206295,0,659,213378.38,380,
Madison,2011,0,790,306,0,20916,0.282080704,0.420730541,1.204819277,1.262191624,96.83017785,450,43.65107914,2.151462995,80.33,20.3,26888,1,0,3.689113987,2,165,6292,50,
Madison,2012,1,790,348,0,21216,0.28280543,0.438348416,1.23020362,1.333898944,96.71474359,470,44.10676157,2.215309201,80.33,20.3,27795,1,0,62.21902536,NA,440,46254.17,177,Isuspecttheyillegallyfailedtoholdabudgethearing
Madison,2013,0,930,327,0,21415,0.28484707,0.452953537,1.256128882,1.405556853,96.60051366,486,44.39019608,2.26943731,80.33,20.3,27874,1,0,2.895933238,1,159,10729.81,46,
Madison,2014,1,1100,403,0,21619,0.291410334,0.462556085,1.281280355,1.475553911,96.48919932,505,44.70683453,2.335908229,80.33,20.3,29213,1,0,47.87665839,NA,242,19896.76,122,
Madison,2015,0,1120,215,1,21739,0.294401766,0.47840287,1.306407838,1.541009246,96.37977828,519,44.96931408,2.387414324,86.98,28.52,30654,1,1,3.540880503,1,87,6953.11,47,
Madison,2016,1,1090,157,1,22039,0.825810861,0.845744226,1.58043113,1.196001936,95.55201185,540,45.24551971,2.450201915,86.98,28.52,31232,1,1,67.21601985,0,376,37333.29,193,
Madison,2017,0,1070,104,1,22215,0.859212669,0.873252092,1.606109957,1.235469198,95.42595608,557,45.40371622,2.507314877,86.98,28.52,32538,1,1,2.85181397,2,162,9531.64,77,
Madison,2018,1,920,161,1,22361,0.894712058,0.897482064,1.628763746,1.279742943,95.29929919,574,45.64671815,2.566969277,86.98,28.52,34216,1,1,54.20733468,1,289,31387.88,132,
Henderson,2011,0,790,306,0,107244,0.630338294,1.234567901,3.114393346,1.563723845,93.45697661,11005,45.61878453,10.26164634,88.44,28.27,34214,1,0,2.68257117,9,1224,69913.98,422,
Henderson,2012,1,790,348,0,107740,0.653424912,1.277148691,3.113049935,1.616855393,93.33952107,11327,45.80320366,10.51327269,88.44,28.27,36142,1,0,66.96753641,23,1493,104421.55,523,
Henderson,2013,0,930,327,0,108752,0.67584964,1.319515963,3.112586435,1.666176254,93.22587171,11690,46.05509434,10.7492276,88.44,28.27,35876,1,0,4.56020117,18,1607,71493.34,468,
Henderson,2014,1,1100,403,0,110485,0.697832285,1.35946056,3.110829524,1.714259854,93.11761778,12121,46.38121345,10.97072001,88.44,28.27,37514,1,0,46.55749386,2,1962,187881.49,659,
Henderson,2015,0,1120,215,1,111854,0.719688165,1.399145314,3.110304504,1.761224453,93.00963756,12505,46.65303244,11.17975218,89.92,31.8,39037,1,1,2.288505373,9,1534,98439.71,477,
Henderson,2016,1,1090,157,1,113889,0.739316352,1.436486403,3.109167698,1.806144579,92.90888497,12957,47.00172176,11.37686695,89.92,31.8,40154,1,1,71.04102017,7,2698,221255.55,865,
Henderson,2017,0,1070,104,1,115384,0.76007072,1.474207862,3.108749913,1.848609859,92.80836164,13341,47.32258065,11.56226167,89.92,31.8,41613,1,1,3.526442249,12,2037,164102.98,760,
Henderson,2018,1,920,161,1,116857,0.779585305,1.509537298,3.108928006,1.890344609,92.71160478,13713,47.65910585,11.73485542,89.92,31.8,43795,1,1,57.06357332,1,3037,285440.72,1102,
Transylvania,2011,0,790,306,0,33007,0.354470264,0.508982943,3.962795771,1.660253886,93.51349714,1038,49.08956916,3.144787469,88.81,29.02,30942,1,0,5.6934747,1,868,28070.77,300,
Transylvania,2012,1,790,348,0,33020,0.360387644,0.517867959,3.930950939,1.711084191,93.47970927,1095,49.41818182,3.316172017,88.81,29.02,32674,1,0,69.79711099,7,1343,72529.46,390,
Transylvania,2013,0,930,327,0,33153,0.36799083,0.524839381,3.89708322,1.764546195,93.44554037,1157,49.76261468,3.489880252,88.81,29.02,32700,1,0,6.197606039,11,1004,36410.58,261,
Transylvania,2014,1,1100,403,0,33400,0.371257485,0.52994012,3.868263473,1.811377246,93.41916168,1220,50.12442396,3.652694611,88.81,29.02,34914,1,0,54.58375946,9,811,51284.31,340,
Transylvania,2015,0,1120,215,1,33725,0.376575241,0.536693847,3.839881394,1.862120089,93.38472943,1285,50.46741855,3.8102298,89.04,32.64,36868,1,1,1.817266127,7,635,31430.25,234,
Transylvania,2016,1,1090,157,1,34074,0.381522569,0.542935963,3.812290896,1.910547632,93.35270294,1352,50.76344086,3.967834713,89.04,32.64,38767,1,1,70.41895067,5,1654,119799.7,591,
Transylvania,2017,0,1070,104,1,34495,0.388462096,0.550804464,3.788954921,1.956805334,93.31497318,1423,50.93062827,4.125235541,89.04,32.64,39923,1,1,4.433752187,0,730,37179.29,302,
Transylvania,2018,1,920,161,1,35115,0.392994447,0.558166026,3.761925103,2.004841236,93.28207319,1502,51.28846154,4.277374341,89.04,32.64,41295,1,1,60.83950806,40,1408,116904.81,518,"Thereweretwoseparate,officallycalledpublichearingsforthisbudget,commentswereloggedforboth"
Swain,2011,0,790,306,0,14188,27.18494502,0.549760361,0.472230054,4.412179306,67.38088526,588,40.85714286,4.144347336,81.68,15.34,29866,1,0,2.185287781,0,77,12479,16,
Swain,2012,1,790,348,0,14423,27.06094433,0.575469736,0.402135478,4.652291479,67.30915898,626,40.95639535,4.340289815,81.68,15.34,30992,1,0,56.78564424,0,148,104915,74,
Swain,2013,0,930,327,0,14538,26.92942633,0.598431696,0.350804787,4.890631449,67.23070574,657,40.85882353,4.519191085,81.68,15.34,31868,1,0,1.696402457,3,38,16448.5,29,
Swain,2014,1,1100,403,0,14785,26.80419344,0.629015894,0.297598918,5.126817721,67.14237403,695,40.8315508,4.700710179,81.68,15.34,33304,1,1,43.22333812,0,58,37889.59,32,
Swain,2015,0,1120,215,1,14867,26.66980561,0.659178045,0.25559965,5.360866348,67.05455035,724,40.86918605,4.869845968,79.75,18.18,34889,1,1,2.42,0,76,17729.26,39,
Swain,2016,1,1090,157,1,14729,26.53947994,0.685722045,0.21725847,5.587616267,66.96992328,738,40.90584416,5.010523457,79.75,18.18,36343,1,1,58.64775414,1,167,37612.79,86,
Swain,2017,0,1070,104,1,14713,26.41201658,0.713654591,0.190307891,5.817984096,66.86603684,761,40.8877551,5.172296608,79.75,18.18,38139,1,1,2.498025276,0,107,23031.18,47,
Swain,2018,1,920,161,1,14442,26.28444814,0.733970364,0.166181969,6.037944883,66.77745465,768,40.91719745,5.317823016,79.75,18.18,38802,1,1,51.24964091,1,136,114060.48,69,
Watauga,2011,0,790,306,0,51742,0.268640563,1.028178269,1.81863863,1.391519462,95.49302308,1847,28.60134003,3.569633953,88.27,38.02,29382,1,0,3.343055317,22,1186,77254.95,359,
Watauga,2012,1,790,348,0,52439,0.268883846,1.056465608,1.838326436,1.451209977,95.38511413,1955,28.69623656,3.728141269,88.27,38.02,30113,1,0,62.04203668,23,1692,142439.52,664,
Watauga,2013,0,930,327,0,52664,0.269633906,1.084232113,1.858954884,1.509570105,95.27760899,2046,29.03935599,3.885006836,88.27,38.02,29933,1,0,6.414714495,30,1299,81956.03,355,
Watauga,2014,1,1100,403,0,52963,0.269999811,1.110209014,1.878670015,1.569019882,95.17210128,2138,29.21578947,4.036780394,88.27,38.02,31706,1,1,37.5696767,12,1979,190832.83,869,
Watauga,2015,0,1120,215,1,53780,0.269616958,1.137969505,1.896615842,1.625139457,95.07065824,2249,29.25087719,4.18185199,90.78,42.23,33173,1,1,4.274724769,13,1317,101059.96,580,
Watauga,2016,1,1090,157,1,55142,0.272024954,1.162453302,1.915055674,1.681114214,94.96935186,2387,29.26222222,4.328823764,90.78,42.23,34166,1,1,65.28440367,5,2391,174587.52,982,
Watauga,2017,0,1070,104,1,56294,0.271787402,1.190180126,1.932710413,1.733754929,94.87156713,2515,29.14010989,4.467616442,90.78,42.23,35350,1,1,5.105467635,28,1486,128481.03,586,
Watauga,2018,1,920,161,1,57067,0.273362889,1.212609739,1.950339075,1.785620411,94.77806789,2628,29.4120433,4.605113288,90.78,42.23,37016,1,1,51.91443805,12,2794,243273.39,1033,
Yancey,2011,0,790,306,0,17840,0.644618834,0.459641256,0.919282511,0.902466368,97.07399103,864,45.72427984,4.843049327,83.26,18.71,29080,1,0,2.494673906,1,50,3771.13,38,
Yancey,2012,1,790,348,0,17874,0.67136623,0.486740517,0.917533848,0.939912722,96.98444668,884,45.89449541,4.94573123,83.26,18.71,30075,1,0,66.24573379,1,156,19964.2,102,
Yancey,2013,0,930,327,0,17899,0.698363037,0.5195821,0.916252305,0.983295156,96.8825074,907,45.97689076,5.067322197,83.26,18.71,30306,1,0,3.565880525,5,327,27714.97,80,
Yancey,2014,1,1100,403,0,17888,0.721153846,0.547853309,0.916815742,1.0230322,96.7911449,925,46.14285714,5.171064401,83.26,18.71,31594,1,1,59.26620805,1,366,53046.26,215,
Yancey,2015,0,1120,215,1,17932,0.747267455,0.574392148,0.914566139,1.065134954,96.6986393,946,46.18468469,5.275485166,84.51,20.28,32102,1,1,2.956586826,1,84,7282.5,54,
Yancey,2016,1,1090,157,1,18093,0.773779915,0.602442934,0.9119549,1.105399878,96.60642237,976,46.32071713,5.394351407,84.51,20.28,32544,1,1,72.92651483,0,408,35849.15,220,
Yancey,2017,0,1070,104,1,18289,0.798294057,0.628793264,0.913117174,1.14276341,96.5170321,1006,46.42391304,5.500574116,84.51,20.28,33926,1,1,3.385303883,0,249,36673.35,148,
Yancey,2018,1,920,161,1,18455,0.823625034,0.661067461,0.910322406,1.181251693,96.42373341,1036,46.45319149,5.613654836,84.51,20.28,36445,1,1,66.19443087,2,541,73710.05,242,
Graham,2011,0,790,306,0,8858,6.649356514,0.440279973,0.191916911,1.738541431,90.97990517,212,44.5483871,2.393316776,79.84,16.57,26596,1,0,0.486618005,4,2,285,2,
Graham,2012,1,790,348,0,8862,6.63507109,0.462649515,0.191830287,1.816745656,90.89370345,224,44.53465347,2.52764613,79.84,16.57,27293,1,0,61.58591634,2,29,7070.05,20,
Graham,2013,0,930,327,0,8860,6.613995485,0.485327314,0.191873589,1.896162528,90.81264108,235,44.69444444,2.652370203,79.84,16.57,27346,1,0,3.332318929,8,6,325,3,Someconfusionherebutbelieve8isthecorrectnumber
Graham,2014,1,1100,403,0,8820,6.598639456,0.510204082,0.181405896,1.972789116,90.73696145,246,44.83333333,2.789115646,79.84,16.57,28959,1,1,53.68815592,2,8,1200,6,
Graham,2015,0,1120,215,1,8751,6.582104902,0.525654211,0.182836247,2.056907782,90.65249686,253,45.08558559,2.89109816,81.86,12.93,29737,1,1,0.774826059,4,21,1482.5,14,
Graham,2016,1,1090,157,1,8830,6.568516421,0.543601359,0.181200453,2.117780294,90.58890147,266,45.1682243,3.012457531,81.86,12.93,29468,1,1,65.94653404,0,12,1480,8,
Graham,2017,0,1070,104,1,8752,6.558500914,0.559872029,0.182815356,2.193784278,90.50502742,275,45.25555556,3.14213894,81.86,12.93,31620,1,1,3.263624842,0,15,10272.4,11,
Graham,2018,1,920,161,1,8686,6.539258577,0.587151738,0.195717246,2.268017499,90.40985494,282,45.37894737,3.24660373,81.86,12.93,33353,1,1,59.08738165,2,22,2014.98,18,
Buncombe,2011,0,790,306,0,241798,0.535157445,1.284129728,6.366057618,1.926401376,89.88825383,15581,40.94362018,6.443808468,90.03,35.06,36036,1,0,19.05225244,7,2933,197970.44,825,
Buncombe,2012,1,790,348,0,244725,0.550005108,1.325569517,6.274798243,2.000204311,89.84942282,16438,41.18632353,6.716927163,90.03,35.06,38205,1,0,68.51834054,9,3909,422621.88,1539,
Buncombe,2013,0,930,327,0,247951,0.564627689,1.366802312,6.185899633,2.072183617,89.81048675,17313,41.38079877,6.98242798,90.03,35.06,37973,1,0,8.641042901,4,3337,259177.24,932,
Buncombe,2014,1,1100,403,0,250552,0.578722181,1.406893579,6.098933555,2.142070309,89.77338038,18144,41.57987805,7.241610524,90.03,35.06,40604,1,1,46.71299171,10,4563,473764.04,1740,
Buncombe,2015,0,1120,215,1,253775,0.592256921,1.44576889,6.014776869,2.210225594,89.73697173,19018,41.75077065,7.494039996,91.06,40.14,43006,1,1,7.728280677,7,3635,513440.66,1285,
Buncombe,2016,1,1090,157,1,257259,0.606004066,1.483718743,5.932153977,2.277082629,89.70104059,19911,41.90137683,7.739670915,91.06,40.14,44478,1,1,70.58153368,5,4582,749693.88,2003,
Buncombe,2017,0,1070,104,1,259082,0.619109008,1.520754047,5.851815255,2.341729645,89.66659204,20678,42.11452431,7.981256899,91.06,40.14,46297,1,1,10.36781561,4,5612,700647.02,2611,
Buncombe,2018,1,920,161,1,261065,0.63164346,1.556317392,5.773657901,2.40553119,89.63285006,21446,42.31910009,8.214812403,91.06,40.14,48936,1,1,60.17943617,6,7904,1337423.72,3401,
Avery,2011,0,790,306,0,17910,0.530429927,0.40201005,4.115019542,0.731434953,94.22110553,874,42.6133829,4.879955332,80.93,20.06,28087,1,0,3.855732074,8,56,1490.3,15,
Avery,2012,1,790,348,0,17810,0.544637844,0.415496912,4.12128018,0.746771477,94.17181359,906,43.00374532,5.087029759,80.93,20.06,29501,1,0,64.94544849,15,58,7551.81,21,
Avery,2013,0,930,327,0,17844,0.560412464,0.437121722,4.135843981,0.756556826,94.11006501,947,43.41818182,5.30710603,80.93,20.06,29276,1,0,0,3,65,1937.9,12,
Avery,2014,1,1100,403,0,17871,0.57635275,0.447652622,4.146382407,0.766605114,94.06300711,985,43.87358491,5.511722903,80.93,20.06,30936,1,1,42.38290879,1,107,6714.44,39,
Avery,2015,0,1120,215,1,17764,0.591083089,0.461607746,4.148840351,0.782481423,94.01598739,1017,44.30681818,5.725061923,83.56,20.68,31943,1,1,5.017163982,13,85,2255.69,28,
Avery,2016,1,1090,157,1,17857,0.610404883,0.481603853,4.160833287,0.795206362,93.95195162,1058,44.63476563,5.924847399,83.56,20.68,32756,1,1,69.62120579,3,96,5876.25,40,
Avery,2017,0,1070,104,1,17970,0.623260991,0.495269894,4.168057874,0.81246522,93.90094602,1100,44.98449612,6.1213133,83.56,20.68,34312,1,1,3.472523657,6,131,7125.8,36,
Avery,2018,1,920,161,1,18057,0.636872127,0.509497702,4.175665947,0.825164756,93.85279947,1140,45.32490272,6.313341087,83.56,20.68,35565,1,1,54.4768069,9,130,5838.31,47,
Polk,2011,0,790,306,0,20358,0.471559092,0.476471166,4.440514785,1.336084095,93.27537086,1198,49.51245552,5.884664505,88.42,30.04,35492,1,0,3.294666758,7,535,17114.77,136,
Polk,2012,1,790,348,0,20309,0.497316461,0.502240386,4.372445714,1.403318726,93.22467871,1244,49.63229572,6.125363139,88.42,30.04,36883,1,0,69.08282088,3,933,43433.72,244,
Polk,2013,0,930,327,0,20589,0.519694983,0.529408908,4.308125698,1.461945699,93.18082471,1307,49.99479167,6.34804993,88.42,30.04,36491,1,0,5.24729774,17,751,32595.63,196,
Polk,2014,1,1100,403,0,20818,0.5427995,0.552406571,4.246325295,1.517917187,93.14055145,1367,50.35690236,6.566432895,88.42,30.04,39368,1,0,49.3191352,4,1111,50836.59,252,
Polk,2015,0,1120,215,1,20896,0.564701378,0.579058193,4.177833078,1.574464012,93.10394334,1419,50.78700361,6.790773354,90.75,29.08,40959,1,1,4.040937603,1,348,19497.87,113,
Polk,2016,1,1090,157,1,21127,0.586926681,0.601126521,4.11795333,1.632981493,93.06101198,1481,51.1631579,7.00998722,90.75,29.08,42071,1,1,68.40828513,0,516,22478.43,183,
Polk,2017,0,1070,104,1,21303,0.605548514,0.624325212,4.060460968,1.685208656,93.02445665,1539,51.04107143,7.224334601,90.75,29.08,43120,1,1,4.843650287,1,350,21756.44,172,
Polk,2018,1,920,161,1,21535,0.626886464,0.650104481,3.998142559,1.745994892,92.9788716,1601,51.26173285,7.434409101,90.75,29.08,44012,1,1,57.70895153,0,739,52944.25,263,
Mitchell,2011,0,790,306,0,15335,0.795565699,0.449951092,0.430388001,1.167264428,97.15683078,684,46.03066038,4.460384741,81.24,16.38,28859,1,0,1.193610672,0,49,4045.34,40,
Mitchell,2012,1,790,348,0,15349,0.840445632,0.469085934,0.436510522,1.218320412,97.0356375,719,46.24541284,4.684344257,81.24,16.38,30345,1,0,67.13227153,0,104,12230.24,77,
Mitchell,2013,0,930,327,0,15328,0.880741127,0.489300626,0.443632568,1.26565762,96.92066806,753,46.41262136,4.912578288,81.24,16.38,30375,1,0,1.37256584,NA,79,7546.48,38,
Mitchell,2014,1,1100,403,0,15258,0.917551448,0.511207236,0.452221785,1.310787783,96.80823175,783,46.5959596,5.131734172,81.24,16.38,31602,1,1,45.49282461,0,148,11886.4,64,
Mitchell,2015,0,1120,215,1,15187,0.967933101,0.526766313,0.454335945,1.363007836,96.68795681,814,46.7,5.359847238,85.21,20.48,32818,1,1,5.029531192,NA,132,12232,66,
Mitchell,2016,1,1090,157,1,15145,1.010234401,0.541432816,0.462198745,1.406404754,96.57972928,847,45.68678161,5.59260482,85.21,20.48,33030,1,1,71.68320309,0,186,22251.52,85,
Mitchell,2017,0,1070,104,1,15167,1.048328608,0.567020505,0.461528318,1.457110833,96.46601174,880,45.63872832,5.802070284,85.21,20.48,34707,1,1,2.019089574,NA,156,11163.3,76,
Mitchell,2018,1,920,161,1,15223,1.090455232,0.584641661,0.466399527,1.497733692,96.36076989,919,45.47515528,6.036917822,85.21,20.48,35718,1,1,57.41639698,0,348,32458.95,145,
Clay,2011,0,790,306,0,10699,0.308440041,0.252360034,0.729040097,1.308533508,97.40162632,282,49.95454546,2.635760351,87.93,20.11,26776,1,0,0,2,82,4714.99,67,
Clay,2012,1,790,348,0,10709,0.308152022,0.261462321,0.719021384,1.363339247,97.34802503,296,50.14930556,2.764030255,87.93,20.11,27561,1,0,62.41610738,1,232,15170.56,187,
Clay,2013,0,930,327,0,10831,0.313913766,0.276982735,0.710922353,1.412611947,97.2855692,313,50.36971831,2.889853199,87.93,20.11,27938,1,0,0.346700566,3,171,9985.25,136,
Clay,2014,1,1100,403,0,10830,0.304709141,0.27700831,0.692520776,1.458910434,97.26685134,327,50.52459016,3.019390582,87.93,20.11,29813,1,1,51.83983894,0,367,14413.62,203,
Clay,2015,0,1120,215,1,10969,0.309964445,0.291731243,0.6837451,1.522472422,97.19208679,343,50.68487395,3.126994257,88.16,23.69,31188,1,1,0,6,185,15923.37,118,
Clay,2016,1,1090,157,1,11200,0.303571429,0.294642857,0.669642857,1.5625,97.16964286,364,50.75700935,3.25,88.16,23.69,31523,1,1,67.09813032,11,228,15587.4,136,
Clay,2017,0,1070,104,1,11457,0.305490093,0.305490093,0.654621629,1.614733351,97.11966483,385,50.67537313,3.360391027,88.16,23.69,32054,1,1,1.081402258,6,170,7270.04,95,
Clay,2018,1,920,161,1,11658,0.308800823,0.308800823,0.643335049,1.646937725,97.09212558,404,50.73793103,3.465431463,88.16,23.69,33154,1,1,60.63462865,1,61,15182.92,34,
Cleveland,2011,0,790,306,0,97706,0.33570098,0.85255767,20.803226,1.43594047,76.5725749,2872,40.7916074,2.93943054,82.26,16.49,30179,0,0,15.353351,1,657,72057.31,219,
Cleveland,2012,1,790,348,0,97523,0.3527373,0.86236067,20.7807389,1.51348913,76.490674,2937,41.0952891,3.01159726,82.26,16.49,31444,0,0,68.4035808,0,851,73471.87,283,
Cleveland,2013,0,930,327,0,97246,0.37225182,0.87407194,20.7576661,1.59183925,76.4041709,2999,41.3568658,3.08393147,82.26,16.49,31419,0,0,14.4817618,3,736,59386.09,197,
Cleveland,2014,1,1100,403,0,97646,0.38916085,0.88380476,20.7351044,1.66929521,76.3226348,3073,41.5405405,3.14708232,82.26,16.49,32787,0,0,45.3666398,1,870,71663.81,265,
Cleveland,2015,0,1120,215,1,97755,0.4071403,0.89509488,20.711984,1.74722521,76.2385556,3140,41.595521,3.21211191,84.22,17.57,34153,0,0,15.8262572,3,792,60270.17,276,
Cleveland,2016,1,1090,157,1,98069,0.42521082,0.90548491,20.6884948,1.8242258,76.1565836,3211,41.648248,3.27422529,84.22,17.57,34666,0,0,70.3026502,1,965,59780.77,303,
Cleveland,2017,0,1070,104,1,98393,0.44312095,0.91469922,20.6661043,1.90257437,76.0735012,3282,41.7148956,3.33560314,84.22,17.57,36155,0,1,14.7062976,0,1031,75193.79,335,
Cleveland,2018,1,920,161,1,99140,0.46096429,0.92596328,20.6445431,1.98002824,75.9885011,3366,41.7743446,3.39519871,84.22,17.57,37363,0,1,51.8441518,0,1260,150423,481,
Granville,2011,0,790,306,0,57730,0.89728044,0.68421964,32.8719903,1.56071367,63.985796,4628,40.282516,8.01662914,82,17.67,31290,0,0,6.93826148,0,389,15433.72,74,
Granville,2012,1,790,348,0,57686,0.92396769,0.70207676,32.71331,1.61564331,64.0450023,4781,40.7424072,8.28797282,82,17.67,32152,0,0,71.824091,1,513,34003.26,183,
Granville,2013,0,930,327,0,57564,0.95024668,0.72267389,32.5620179,1.66770899,64.0973525,4919,41.200453,8.54527135,82,17.67,32527,0,0,8.47295226,0,408,33059.42,105,
Granville,2014,1,1100,403,0,57819,0.97545789,0.73851156,32.4149501,1.71915806,64.1519224,5085,41.5745891,8.79468687,82,17.67,33375,0,0,44.7827852,0,571,64772.62,241,
Granville,2015,0,1120,215,1,58226,0.99955346,0.75567616,32.2742418,1.76725174,64.2032769,5262,41.8877806,9.03719988,84.33,22.51,34419,0,1,7.41054295,12,399,20444.44,111,
Granville,2016,1,1090,157,1,59048,1.02289663,0.77225308,32.1365669,1.81547216,64.2528113,5474,42.1493268,9.27042406,84.33,22.51,35841,0,1,72.2120034,15,464,22351.2,114,
Granville,2017,0,1070,104,1,60112,1.04638009,0.78852808,32.0052569,1.86152515,64.2983098,5706,42.4441833,9.49228108,84.33,22.51,36974,0,1,7.65532642,13,636,39209.44,163,
Granville,2018,1,920,161,1,60700,1.06754531,0.80230643,31.878089,1.90609555,64.3459638,5893,42.7310012,9.70840198,84.33,22.51,38189,0,1,53.7538532,3,677,57741.74,232,
Rockingham,2011,0,790,306,0,93276,0.50924139,0.6089455,19.0295467,1.65744672,78.1948197,5587,42.664848,5.98975085,79.25,13.13,30778,0,0,3.86638702,7,641,48925.66,247,
Rockingham,2012,1,790,348,0,92800,0.52693966,0.63146552,19.0096983,1.75431035,78.0775862,5781,42.9616541,6.22952586,79.25,13.13,32156,0,0,69.2802838,2,910,125625.83,436,
Rockingham,2013,0,930,327,0,92210,0.54657846,0.65611105,18.9870947,1.85012472,77.9600911,5961,43.2558846,6.46459169,79.25,13.13,31953,0,0,7.63907552,8,852,70004.89,247,
Rockingham,2014,1,1100,403,0,92441,0.5646845,0.67935224,18.9623652,1.94610617,77.8474919,6194,43.5,6.70049004,79.25,13.13,33362,0,0,47.8374792,8,1137,130268.59,386,
Rockingham,2015,0,1120,215,1,92055,0.58226061,0.70175439,18.9375917,2.04334365,77.7350497,6386,43.7519716,6.93715713,82.67,15.07,34147,0,1,5.35452618,15,902,79199.04,253,
Rockingham,2016,1,1090,157,1,91936,0.6015054,0.7255047,18.9120693,2.13735642,77.6235642,6589,43.9582971,7.16694222,82.67,15.07,34834,0,1,70.0293168,3,1009,100050.74,292,
Rockingham,2017,0,1070,104,1,91447,0.61893775,0.74797424,18.8852559,2.23298741,77.5148447,6765,43.9455627,7.39772765,82.67,15.07,36099,0,1,6.82782304,0,922,80877.3,299,
Rockingham,2018,1,920,161,1,91746,0.63762998,0.77169577,18.8585878,2.32707693,77.4050095,6998,44.080292,7.62758049,82.67,15.07,37184,0,1,53.7544971,5,1123,163438.74,438,
Stanly,2011,0,790,306,0,60605,0.35145615,2.20113852,11.1030443,1.14512004,85.199241,2318,40.8265306,3.82476693,81.58,15.64,30121,0,0,8.22837085,2,436,31930.34,163,
Stanly,2012,1,790,348,0,60363,0.36280503,2.22321621,11.0995146,1.1944403,85.1200239,2380,41.0308717,3.94281265,81.58,15.64,31522,0,0,71.4812341,1,576,65340.59,252,
Stanly,2013,0,930,327,0,60586,0.37302347,2.2480441,11.096623,1.24121084,85.0410986,2464,41.3252033,4.06694616,81.58,15.64,31941,0,0,8.83214629,0,280,18618.84,89,
Stanly,2014,1,1100,403,0,61026,0.38344312,2.26952447,11.0919936,1.28797562,84.9670632,2555,41.5686275,4.18674008,81.58,15.64,33461,0,1,48.8151065,11,567,66630.62,233,
Stanly,2015,0,1120,215,1,61212,0.39534732,2.29203424,11.0893289,1.33470561,84.8885839,2637,41.6970954,4.30797883,85.32,17.32,34738,0,1,6.90574453,9,353,51704.12,150,
Stanly,2016,1,1090,157,1,61696,0.40521266,2.31295384,11.0866183,1.38096473,84.8142505,2729,41.8367953,4.42330135,85.32,17.32,36212,0,1,73.5963025,2,787,80081.91,275,
Stanly,2017,0,1070,104,1,62736,0.41602907,2.33518235,11.0829508,1.42661311,84.7392247,2848,41.9883212,4.53965825,85.32,17.32,37797,0,1,0,8,395,46804.48,161,
Stanly,2018,1,920,161,1,63328,0.42477261,2.35756695,11.0788277,1.47170288,84.6671299,2949,42.1199422,4.65670793,85.32,17.32,38804,0,1,54.1221465,0,859,143742.07,304,
Martin,2011,0,790,306,0,24101,0.42736816,0.43981578,43.5417618,0.86718393,54.7238704,815,44.6452145,3.38160242,81.32,12.87,29111,0,0,8.42995031,2,43,3504.5,21,
Martin,2012,1,790,348,0,23806,0.43686466,0.45366714,43.459632,0.89893304,54.7509031,836,45.0635452,3.51171974,81.32,12.87,31126,0,0,70.4904406,0,112,12133.35,40,
Martin,2013,0,930,327,0,23583,0.44947632,0.46643769,43.3871857,0.92863503,54.7682653,857,45.3453608,3.63397363,81.32,12.87,30200,0,0,2.13689864,1,101,5771.32,23,
Martin,2014,1,1100,403,0,23565,0.46679397,0.4837683,43.3099936,0.95480586,54.7846382,887,45.4269103,3.76405686,81.32,12.87,31172,0,0,48.0151013,2,123,13139.4,58,
Martin,2015,0,1120,215,1,23544,0.47570506,0.49269453,43.2381923,0.98538906,54.808019,915,45.5631068,3.88634047,83.36,16.4,30661,0,1,9.94851157,3,86,6049.01,29,
Martin,2016,1,1090,157,1,23453,0.49034239,0.50739777,43.1757131,1.01479555,54.8117512,940,45.7301325,4.00801603,83.36,16.4,31885,0,1,69.2813473,5,118,14665.91,67,
Martin,2017,0,1070,104,1,23303,0.50208128,0.51924645,43.1103291,1.04707548,54.8212677,964,45.891635,4.13680642,83.36,16.4,33190,0,1,2.12386222,3,157,24550.32,86,
Martin,2018,1,920,161,1,23264,0.51581843,0.53301238,43.0493466,1.07892022,54.8229023,991,45.8244275,4.25980055,83.36,16.4,33952,0,1,53.9852528,0,208,30914.58,140,
Montgomery,2011,0,790,306,0,27826,0.79422123,1.66750521,18.8277151,1.22547258,77.4850859,4149,40.5601093,14.9105154,74.5,14.89,26605,0,0,16.974467,0,256,14210.64,57,
Montgomery,2012,1,790,348,0,27796,0.82026191,1.65491438,18.6609584,1.26636926,77.597496,4231,40.7993921,15.2216146,74.5,14.89,28428,0,0,67.9727224,0,213,21621.8,84,
Montgomery,2013,0,930,327,0,27702,0.84470435,1.63887084,18.4932496,1.30315501,77.7200202,4300,41.0276074,15.522345,74.5,14.89,28575,0,0,7.25561815,1,187,18117.06,56,
Montgomery,2014,1,1100,403,0,27668,0.87465664,1.62642764,18.3316467,1.34089923,77.8263698,4375,41.2840237,15.812491,74.5,14.89,30604,0,0,50.9863713,0,276,27255.07,78,
Montgomery,2015,0,1120,215,1,27744,0.90109573,1.61476355,18.1624856,1.38047866,77.9411765,4467,41.4584615,16.1007786,79.48,15.66,32270,0,1,6.42124944,0,198,10999.5,62,
Montgomery,2016,1,1090,157,1,27702,0.92773085,1.60277236,17.9987005,1.41506028,78.0557361,4537,41.5972696,16.3778789,79.48,15.66,32117,0,1,70.863068,1,282,24362.32,91,
Montgomery,2017,0,1070,104,1,27733,0.95554033,1.58655753,17.8379548,1.45674828,78.1631991,4619,41.7384868,16.6552483,79.48,15.66,33902,0,1,3.60299116,0,243,12708.09,69,
Montgomery,2018,1,920,161,1,27621,0.98113754,1.57850911,17.6749575,1.4916187,78.2737772,4674,41.9304207,16.9219072,79.48,15.66,35330,0,1,55.3044833,0,277,43593.68,98,
Ashe,2011,0,790,306,0,27107,0.2766813,0.44637916,0.74519497,1.02556535,97.5061792,1413,45.7769886,5.21267569,80.68,18.58,29591,0,0,1.8590529,3,2925,13975.21,133,
Ashe,2012,1,790,348,0,27170,0.27603975,0.46374678,0.75082812,1.07471476,97.4346706,1479,46.0453258,5.44350387,80.68,18.58,31227,0,0,67.4861097,4,2685,34141.86,249,
Ashe,2013,0,930,327,0,27149,0.27625327,0.47515562,0.75140889,1.12711334,97.3700689,1543,46.3008475,5.68345059,80.68,18.58,30779,0,0,0,0,2400,13766.35,134,
Ashe,2014,1,1100,403,0,27203,0.27202882,0.49259273,0.75359335,1.17266478,97.3091203,1606,46.5484331,5.90376062,80.68,18.58,31182,0,0,52.5381803,3,2432,28410.91,255,
Ashe,2015,0,1120,215,1,26989,0.27418578,0.503909,0.75215829,1.22272037,97.2470266,1651,46.7344214,6.11730705,85.12,19.66,31611,0,1,1.26337857,0,2362,20074.84,201,
Ashe,2016,1,1090,157,1,27072,0.27334515,0.52083333,0.75723995,1.26699173,97.1815898,1715,46.9737609,6.33495863,85.12,19.66,32612,0,1,71.6078555,0,2901,38587.48,291,
Ashe,2017,0,1070,104,1,27297,0.27475547,0.53485731,0.7619885,1.31149943,97.1168993,1786,47.3106936,6.54284354,85.12,19.66,33543,0,1,0.33729521,0,2510,29238.24,226,
Ashe,2018,1,920,161,1,27606,0.27168007,0.55060494,0.7607042,1.35477795,97.0622329,1862,47.6518106,6.74491053,85.12,19.66,34779,0,1,61.9005651,0,3532,84653.2,403,
Davidson,2011,0,790,306,0,163044,0.77709085,1.3763156,9.04970437,1.34810235,87.4487868,11310,40.7822921,6.9367778,81.12,17.86,31748,0,0,5.35936605,2,1013,48905.55,274,
Davidson,2012,1,790,348,0,162994,0.81598096,1.41170841,9.0316208,1.40495969,87.3357302,11741,41.161079,7.20333264,81.12,17.86,32765,0,0,68.0581778,6,1080,90636.49,407,
Davidson,2013,0,930,327,0,163498,0.8544447,1.44588925,9.01356592,1.46056833,87.2255318,12206,41.4703118,7.46553475,81.12,17.86,32594,0,0,3.52629947,3,1184,70692.66,284,
Davidson,2014,1,1100,403,0,163869,0.89217607,1.4798406,8.99682063,1.51523473,87.115928,12652,41.7215341,7.72080137,81.12,17.86,34473,0,0,41.5296668,4,1071,79266.55,310,
Davidson,2015,0,1120,215,1,164418,0.92933864,1.51382452,8.97955212,1.56856305,87.0087217,13105,41.8674114,7.97053851,83.91,18.48,35705,0,1,2.94126462,8,1040,65533.5,266,
Davidson,2016,1,1090,157,1,165613,0.96550392,1.54637619,8.96246068,1.62185336,86.9038059,13609,41.969151,8.21735009,83.91,18.48,36634,0,1,71.0493524,4,1343,603438.44,507,
Davidson,2017,0,1070,104,1,166591,1.00185484,1.57871674,8.94646169,1.67416007,86.7988067,14089,42.0381023,8.45723959,83.91,18.48,38124,0,1,3.17111728,5,1176,76804.77,436,
Davidson,2018,1,920,161,1,168093,1.03692599,1.61041804,8.93077047,1.72583034,86.6960552,14612,42.0570152,8.69280696,83.91,18.48,39508,0,1,52.6280095,7,1398,126907.81,524,
Wilson,2011,0,790,306,0,81273,0.4995509,0.99541053,39.757361,1.3522326,57.395445,8317,38.8652517,10.2334109,79.14,18.37,34667,0,0,0.89378117,11,3333,87716.19,450,
Wilson,2012,1,790,348,0,81314,0.52266522,1.03303244,39.8922695,1.41550041,57.1365325,8584,39.0029674,10.5566077,79.14,18.37,35557,0,0,70.0789783,7,3442,248052.73,741,
Wilson,2013,0,930,327,0,80929,0.54492209,1.07130942,40.022736,1.47660295,56.8844296,8796,39.1964286,10.8687862,79.14,18.37,35301,0,0,2.95155071,2,3004,105455.59,437,
Wilson,2014,1,1100,403,0,80866,0.56636906,1.10676922,40.1219301,1.53587416,56.6690575,9038,39.2510917,11.1765142,79.14,18.37,36139,0,0,46.9027505,14,3568,144328.52,579,
Wilson,2015,0,1120,215,1,81217,0.58608419,1.14015539,40.1837054,1.59079996,56.4992551,9324,39.362069,11.4803551,80.27,19.64,37411,0,1,10.2676588,13,2477,144578.06,379,
Wilson,2016,1,1090,157,1,81483,0.60503418,1.17325086,40.2206595,1.64574206,56.3553134,9600,39.4817328,11.7815986,80.27,19.64,37966,0,1,67.646435,14,2640,219427.23,579,
Wilson,2017,0,1070,104,1,81597,0.62502298,1.20470115,40.2600586,1.6998174,56.2103999,9855,39.5517418,12.0776499,80.27,19.64,38918,0,1,2.88193312,6,1489,114630.7,447,
Wilson,2018,1,920,161,1,81949,0.64430316,1.23735494,40.32386,1.75230936,56.0421726,10132,39.6811225,12.3637872,80.27,19.64,39982,0,1,50.7230786,3,1084,503853.85,494,
Northampton,2011,0,790,306,0,21900,0.53424658,0.24200913,58.5068493,0.93607306,39.7808219,332,45.6923077,1.51598174,74.45,11.14,27747,0,0,3.80965385,2,28,2660,26,
Northampton,2012,1,790,348,0,21502,0.55343689,0.25113943,58.4922333,0.97665334,39.7265371,341,45.3665339,1.58589899,74.45,11.14,30561,0,0,69.6981399,3,123,10733.5,45,
Northampton,2013,0,930,327,0,21267,0.57365872,0.26331876,58.4755725,1.01095594,39.6764941,352,45.5581897,1.65514647,74.45,11.14,29676,0,0,4.63247305,2,46,7807,19,
Northampton,2014,1,1100,403,0,21201,0.59431159,0.273572,58.4595066,1.05183718,39.6207726,366,45.3841202,1.72633366,74.45,11.14,30133,0,0,43.6091205,2,148,36007.5,55,
Northampton,2015,0,1120,215,1,21143,0.61013101,0.27905217,58.4448754,1.08783049,39.578111,378,45.5717132,1.78782576,80.4,13.77,30516,0,1,6.39209453,2,217,24407.91,76,
Northampton,2016,1,1090,157,1,20895,0.62694425,0.29193587,58.4302465,1.12467097,39.5262024,390,45.533195,1.86647523,80.4,13.77,31314,0,1,66.3758975,3,147,23461.06,67,
Northampton,2017,0,1070,104,1,20908,0.64568586,0.29653721,58.4178305,1.16701741,39.472929,407,44.9571429,1.9466233,80.4,13.77,33493,0,1,6.47467037,0,80,11324,41,
Northampton,2018,1,920,161,1,20618,0.66446794,0.30555825,58.4052769,1.20768261,39.4170143,414,44.6145833,2.00795422,80.4,13.77,34305,0,1,50.4037777,5,189,32609.31,75,
Catawba,2011,0,790,306,0,155038,0.53793264,3.63072279,8.66432746,1.64927308,85.517744,13991,39.9562528,9.02423922,82.65,21.53,35424,0,0,3.99077741,2,1704,159916.26,513,
Catawba,2012,1,790,348,0,155692,0.56329163,3.6739203,8.67353493,1.72777021,85.3614829,14441,40.2451499,9.27536418,82.65,21.53,37000,0,0,67.0232905,0,2092,262870.72,705,
Catawba,2013,0,930,327,0,155582,0.5893998,3.71572547,8.67838182,1.80547878,85.2110141,14817,40.4620192,9.52359528,82.65,21.53,36556,0,0,7.50265633,1,3294,236988.47,561,
Catawba,2014,1,1100,403,0,155977,0.61483424,3.75824641,8.67884368,1.88168769,85.066388,15238,40.6800098,9.76938908,82.65,21.53,38339,0,1,43.5878087,1,2839,305937.65,827,
Catawba,2015,0,1120,215,1,156197,0.63957694,3.79968885,8.67686319,1.95714386,84.9267272,15637,40.8497009,10.0110758,85.89,22.62,40494,0,1,4.26218562,2,2670,245007.62,567,
Catawba,2016,1,1090,157,1,156774,0.66401317,3.84119816,8.67108066,2.03094901,84.792759,16069,41.0438247,10.2497863,85.89,22.62,41905,0,1,69.4794463,1,1733,220128.5,572,
Catawba,2017,0,1070,104,1,157424,0.68795101,3.88123793,8.6638632,2.10387235,84.6630755,16509,41.1733627,10.4869651,85.89,22.62,43553,0,1,8.69058805,1,2374,408978.93,831,
Catawba,2018,1,920,161,1,158483,0.71237925,3.92218724,8.65329404,2.17625865,84.5358808,16991,41.3400842,10.7210237,85.89,22.62,44948,0,1,50.8653237,4,3233,520162.94,1285,
Pitt,2011,0,790,306,0,170298,0.5126308,1.85380921,34.4901291,1.82210008,61.3213308,9807,31.2816377,5.75872882,86.89,28.82,33398,0,0,12.1224844,1,2000,153792.7,540,
Pitt,2012,1,790,348,0,172509,0.52924775,1.90135007,34.5199381,1.89961104,61.1498531,10208,31.533596,5.91737243,86.89,28.82,35655,0,0,67.8792929,22,2650,552423.9,924,
Pitt,2013,0,930,327,0,173875,0.54406902,1.94795111,34.5495327,1.97383178,60.9846154,10555,31.8313017,6.07045291,86.89,28.82,35409,0,0,15.7623213,2,3284,269650.37,476,
Pitt,2014,1,1100,403,0,174211,0.55851812,1.9924115,34.5770359,2.04522103,60.8268135,10829,32.1371817,6.21602539,86.89,28.82,36761,0,1,39.1346872,10,2870,400088.72,786,
Pitt,2015,0,1120,215,1,175475,0.57273116,2.03561761,34.6049295,2.11483117,60.6718906,11150,32.349122,6.35418151,89.26,32.66,37802,0,1,12.0134711,11,2382,NA,658,
Pitt,2016,1,1090,157,1,176060,0.5867318,2.0771328,34.6308077,2.18221061,60.5231171,11424,32.5581971,6.48869704,89.26,32.66,38565,0,1,65.9030342,7,2949,602783.06,1000,
Pitt,2017,0,1070,104,1,177705,0.59930784,2.11699164,34.655187,2.24641963,60.3820939,11754,32.648729,6.61433274,89.26,32.66,39958,0,1,12.1278622,4,2938,574092.55,1052,
Pitt,2018,1,920,161,1,178440,0.61253082,2.15646716,34.6794441,2.30889935,60.2426586,12019,32.7270616,6.7355974,89.26,32.66,41841,0,1,47.9672388,6,3282,756236.64,1380,
Union,2011,0,790,306,0,204332,0.64356048,1.99381399,12.0578275,1.64389327,83.6609048,22814,36.7105357,11.1651626,88.7,32.27,37700,0,0,6.78888503,8,1765,81715.75,366,
Union,2012,1,790,348,0,207438,0.66284866,2.10954599,12.0648097,1.70798022,83.4548154,23864,37.0545836,11.5041603,88.7,32.27,40659,0,0,69.805283,15,2212,127408.48,492,
Union,2013,0,930,327,0,210937,0.68077198,2.22009415,12.0680582,1.76830049,83.2627751,24937,37.4567181,11.8220132,88.7,32.27,41037,0,0,6.89630141,9,2190,122053.68,474,
Union,2014,1,1100,403,0,215312,0.69852122,2.32592703,12.0671398,1.82525823,83.0831538,26096,37.7491773,12.1200862,88.7,32.27,43375,0,1,41.586552,2,2622,106886.5,562,
Union,2015,0,1120,215,1,219243,0.71518817,2.42744352,12.063327,1.88010564,82.9139357,27188,38.0666071,12.400852,89.63,35.4,46827,0,1,5.94900648,2,2221,80236.23,409,
Union,2016,1,1090,157,1,223663,0.73101049,2.52433348,12.0560844,1.93192437,82.7566473,28325,38.3353818,12.664142,89.63,35.4,48258,0,1,70.445497,0,3419,214981.07,739,
Union,2017,0,1070,104,1,228061,0.74629156,2.61728222,12.0463385,1.98192589,82.6081619,29445,38.4467308,12.9110194,89.63,35.4,49709,0,1,7.72698434,0,3187,223138.5,956,
Union,2018,1,920,161,1,232465,0.76097477,2.70664401,12.0344998,2.02955284,82.4683286,30558,38.5333461,13.1452047,89.63,35.4,51802,0,1,55.6701424,5,4632,392391.48,1322,
Hyde,2011,0,790,306,0,5799,0.6897741,0.29315399,31.9020521,1.20710467,65.9079152,447,41.3963415,7.70822556,79.49,11.19,26649,0,0,0,NA,5,448,5,
Hyde,2012,1,790,348,0,5708,0.71829012,0.29782761,31.587246,1.26138753,66.1352488,464,41.8850575,8.12894184,79.49,11.19,34319,0,0,65.2445652,7,27,7234,25,
Hyde,2013,0,930,327,0,5745,0.74847694,0.27850305,31.2793734,1.32288947,66.3707572,494,42.0977012,8.59878155,79.49,11.19,34588,0,0,0,3,15,5900,12,
Hyde,2014,1,1100,403,0,5670,0.77601411,0.26455027,30.9876543,1.37566138,66.5961199,512,42.6021505,9.02998236,79.49,11.19,32805,0,1,52.4641834,5,42,7224.02,29,
Hyde,2015,0,1120,215,1,5571,0.82570454,0.26925148,30.6767187,1.4360079,66.7923174,529,43.1021505,9.49560223,80.8,9.18,34699,0,1,0,3,5,600,4,
Hyde,2016,1,1090,157,1,5570,0.8438061,0.2513465,30.3590664,1.508079,67.037702,553,43.3809524,9.92818672,80.8,9.18,35086,0,1,67.5699301,2,13,2077.5,11,
Hyde,2017,0,1070,104,1,5442,0.86365307,0.25725836,30.0441014,1.56192576,67.2730614,565,43.8375,10.3822124,80.8,9.18,36654,0,1,0,3,2,600,2,
Hyde,2018,1,920,161,1,5198,0.90419392,0.25009619,29.7229704,1.61600616,67.5067334,562,44.5131579,10.8118507,80.8,9.18,37245,0,1,58.503799,0,70,10575.77,38,
Gaston,2011,0,790,306,0,207339,0.56815167,1.35912684,15.7331713,1.63114513,80.7084051,13232,39.3015303,6.38181915,81.78,18.55,33453,0,0,11.4650237,7,2759,69697.23,430,
Gaston,2012,1,790,348,0,208317,0.59812689,1.39642948,15.8604435,1.70845394,80.4365462,13737,39.5536189,6.59427699,81.78,18.55,34771,0,0,66.7200141,19,3519,290488.56,749,
Gaston,2013,0,930,327,0,209364,0.62665979,1.43338874,15.9888997,1.7849296,80.1661222,14234,39.7655914,6.79868554,81.78,18.55,35189,0,0,4.78365566,34,3602,124625.42,507,
Gaston,2014,1,1100,403,0,210195,0.65510597,1.46958776,16.1183663,1.86017745,79.8967625,14699,39.9288104,6.99303028,81.78,18.55,36414,0,1,40.9997098,28,3490,128190.95,580,
Gaston,2015,0,1120,215,1,212197,0.68379855,1.50567633,16.2495229,1.93452311,79.6264792,15233,40.0487132,7.17870658,84.83,21.23,37642,0,1,7.65133504,0,3463,163069.73,534,
Gaston,2016,1,1090,157,1,215269,0.71120319,1.5417919,16.3804356,2.00725604,79.3593132,15839,40.1269811,7.35777098,84.83,21.23,38249,0,1,67.7862595,1,4079,184416.8,726,
Gaston,2017,0,1070,104,1,218445,0.73840097,1.57659823,16.5117078,2.08015748,79.0931356,16446,40.1932376,7.52866854,84.83,21.23,39977,0,1,9.03189528,0,3900,255507.24,968,
Gaston,2018,1,920,161,1,221006,0.76559007,1.61172095,16.643892,2.1515253,78.8272717,17001,40.2611489,7.69255133,84.83,21.23,40175,0,1,49.1559924,4,5146,344442.71,1213,
Perquimans,2011,0,790,306,0,13588,0.33117457,0.42684722,24.8528113,1.25846335,73.1307036,320,47.1256281,2.35501914,83.93,16.67,34062,0,0,6.33861551,3,35,1426,12,
Perquimans,2012,1,790,348,0,13733,0.34952305,0.44418554,24.8015729,1.3034297,73.1012889,344,47.4970238,2.50491517,83.93,16.67,36100,0,0,67.2982456,1,136,6359.5,47,
Perquimans,2013,0,930,327,0,13811,0.36203027,0.45615814,24.7556296,1.35399319,73.0721888,365,47.7470238,2.64282094,83.93,16.67,34158,0,0,4.8594132,1,59,1845.06,21,
Perquimans,2014,1,1100,403,0,13720,0.37172012,0.47376093,24.7376093,1.39212828,73.0247813,383,47.8220859,2.79154519,83.93,16.67,35205,0,1,41.8906675,0,83,4764.53,39,
Perquimans,2015,0,1120,215,1,13701,0.38683308,0.48171666,24.7208233,1.43785125,72.9727757,400,47.9585987,2.91949493,86.87,20.15,36007,0,1,3.11600165,0,44,3560,24,
Perquimans,2016,1,1090,157,1,13654,0.3954885,0.49802256,24.7180314,1.48674381,72.9017138,418,48.089172,3.06137396,86.87,20.15,37791,0,1,66.1333072,3,75,5088.5,39,
Perquimans,2017,0,1070,104,1,13678,0.40941658,0.51177073,24.7258371,1.52800117,72.8249744,436,47.9803922,3.18760053,86.87,20.15,39501,0,1,4.39305191,0,73,10620.64,32,
Perquimans,2018,1,920,161,1,13652,0.42484618,0.52739525,24.7436273,1.57486083,72.7292704,453,48.1830065,3.31819514,86.87,20.15,40030,0,1,54.973925,1,417,62776.74,195,
Camden,2011,0,790,306,0,10035,0.37867464,1.67414051,13.3432985,2.10264076,82.5012456,234,40.6911765,2.33183857,86.58,19.35,39552,0,0,0,0,40,3949.6,24,
Camden,2012,1,790,348,0,9966,0.37126229,1.76600442,13.2952037,2.23760787,82.3299217,240,40.9235669,2.40818784,86.58,19.35,41030,0,0,63.5178286,NA,73,9030.1,35,
Camden,2013,0,930,327,0,10075,0.37717122,1.8560794,13.2506204,2.36228288,82.1538462,253,41.2987421,2.51116625,86.58,19.35,40783,0,0,0,0,29,2658.5,17,
Camden,2014,1,1100,403,0,10210,0.37218413,1.94906954,13.2027424,2.4877571,81.9882468,262,41.5625,2.56611166,86.58,19.35,41033,0,0,44.8415374,0,61,5359.63,26,
Camden,2015,0,1120,215,1,10214,0.38182886,2.04621108,13.15841,2.60426865,81.8092814,271,41.8993289,2.65322107,86.51,17.12,42251,0,1,0,2,26,3795.5,18,
Camden,2016,1,1090,157,1,10290,0.37900875,2.13799806,13.1292517,2.73080661,81.6229349,279,42.1148649,2.71137026,86.51,17.12,43180,0,1,65.5473123,0,40,3269,25,
Camden,2017,0,1070,104,1,10352,0.38639876,2.22179289,13.0989181,2.84003091,81.4528594,290,42.0294118,2.80139104,86.51,17.12,43696,0,1,0,0,28,3145.8,20,
Camden,2018,1,920,161,1,10490,0.39084843,2.30695901,13.0695901,2.96472831,81.2678742,300,42.1351351,2.85986654,86.51,17.12,44997,0,1,52.1563172,0,74,9424.5,51,
Bertie,2011,0,790,306,0,20937,0.46329465,0.61613412,62.2486507,0.96002293,35.7118976,278,42.335443,1.3277929,74.9,11.11,27793,0,0,3.09111393,1,52,4313,18,
Bertie,2012,1,790,348,0,20574,0.46174784,0.66102848,62.0977933,1.02070575,35.7587246,280,42.2304348,1.36094099,74.9,11.11,30256,0,0,68.3908821,2,128,10946.84,77,
Bertie,2013,0,930,327,0,20463,0.45936568,0.69882227,61.9606118,1.07511118,35.806089,285,42.3161157,1.39275766,74.9,11.11,30652,0,0,4.67884828,9,138,5714.5,84,
Bertie,2014,1,1100,403,0,20454,0.46445683,0.74313093,61.8363156,1.13425247,35.8218441,291,42.525,1.42270461,74.9,11.11,32152,0,1,45.102253,NA,189,15831.16,128,
Bertie,2015,0,1120,215,1,20409,0.46548092,0.78396786,61.7227694,1.19555098,35.8322309,300,42.6889401,1.46993973,78.38,13.64,32611,0,1,4.1735036,9,122,4529.01,84,
Bertie,2016,1,1090,157,1,19798,0.46974442,0.8283665,61.6122841,1.2577028,35.8319022,295,41.7799043,1.4900495,78.38,13.64,33231,0,1,65.896968,0,112,5832.5,78,
Bertie,2017,0,1070,104,1,19780,0.46511628,0.86956522,61.5116279,1.31445905,35.8392316,302,41.5096154,1.52679474,78.38,13.64,35639,0,1,5.4992452,NA,69,3180,53,
Bertie,2018,1,920,161,1,19709,0.46679182,0.91328835,61.4135674,1.37500634,35.8313461,308,41.5741525,1.56273784,78.38,13.64,35603,0,1,48.8992052,1,97,20797.82,67,
Onslow,2011,0,790,306,0,186457,0.79321238,2.35282129,15.505988,4.0019951,77.3459833,19672,25.9194865,10.5504218,90.28,18.41,43668,0,0,2.2378256,2,1193,133153.98,546,
Onslow,2012,1,790,348,0,191183,0.79766506,2.37782648,15.2487407,4.10287526,77.4728925,20889,26.0327024,10.9261807,90.28,18.41,42910,0,0,52.9955947,1,1737,120183.24,726,
Onslow,2013,0,930,327,0,193505,0.80204646,2.40148833,15.000646,4.19989148,77.5959278,21834,26.1881486,11.2834294,90.28,18.41,41905,0,0,9.01411747,13,1583,134905.38,617,
Onslow,2014,1,1100,403,0,192684,0.80598285,2.42521434,14.7609558,4.29407735,77.7137697,22401,26.2722157,11.6257707,90.28,18.41,42494,0,1,32.7158647,3,2453,134286.55,711,
Onslow,2015,0,1120,215,1,193966,0.80993576,2.44733613,14.5298661,4.38478909,77.828073,23189,26.2519928,11.955188,91.51,22.93,42870,0,1,1.90572034,1,1667,154219.7,582,
Onslow,2016,1,1090,157,1,193505,0.81341567,2.46918684,14.3066071,4.47223586,77.9385546,23744,26.2248011,12.270484,91.51,22.93,45896,0,1,53.984692,0,1696,89952.01,545,
Onslow,2017,0,1070,104,1,196535,0.81766607,2.49014171,14.09062,4.55644033,78.0451319,24711,26.5009337,12.573333,91.51,22.93,44865,0,1,3.15592015,1,2032,91260.92,672,
Onslow,2018,1,920,161,1,198740,0.82117339,2.51031498,13.8819563,4.63872396,78.1478313,25571,26.2143556,12.8665593,91.51,22.93,46377,0,1,35.0435545,13,3903,297021.99,997,